<?xml version="1.0" encoding="UTF-8"?>
<beans xmlns:mvc="http://www.springframework.org/schema/mvc"
    xmlns:xsi="http://www.w3.org/2001/XMLSchema-instance"
    xmlns:context="http://www.springframework.org/schema/context"
    xmlns:tx="http://www.springframework.org/schema/tx"
    xmlns:jms="http://www.springframework.org/schema/jms"
    xmlns="http://www.springframework.org/schema/beans"
    xmlns:task="http://www.springframework.org/schema/task"
    xsi:schemaLocation="http://www.springframework.org/schema/beans 
    	http://www.springframework.org/schema/beans/spring-beans-3.0.xsd
		http://www.springframework.org/schema/mvc http://www.springframework.org/schema/mvc/spring-mvc-3.0.xsd
		http://www.springframework.org/schema/context http://www.springframework.org/schema/context/spring-context-3.0.xsd
		http://www.springframework.org/schema/tx http://www.springframework.org/schema/tx/spring-tx-3.0.xsd
        http://www.springframework.org/schema/jms http://www.springframework.org/schema/jms/spring-jms-3.0.xsd
        http://activemq.apache.org/schema/core http://activemq.apache.org/schema/core/activemq-core.xsd
        http://www.springframework.org/schema/task  
		http://www.springframework.org/schema/task/spring-task-3.0.xsd" >

	<!-- Root Context: defines shared resources visible to all other web components -->


	<!-- Enables the Spring MVC @Controller programming model -->

	<mvc:annotation-driven />
	<tx:annotation-driven />

	<!-- Scan for classes for auto wiring -->

	<context:component-scan base-package="com.coordsafe" />

	<!-- Properties files -->

	<context:property-placeholder location="classpath:appConfig.properties" />

	<!-- Message Source for Validation Messages -->

	<bean id="messageSource"
		class="org.springframework.context.support.ResourceBundleMessageSource">

		<property name="basename" value="ValidationMessages" />
	</bean>

	<bean id="connectionFactory" class="org.apache.activemq.ActiveMQConnectionFactory">
		<property name="brokerURL">
			<value>tcp://localhost:61616</value>
		</property>
	</bean>
	
	<bean id="locationUpdateQueue" class="org.apache.activemq.command.ActiveMQQueue">
		<constructor-arg value="jms/LocationUpdateText" />
	</bean>

	<bean id="statusTopic" class="org.apache.activemq.command.ActiveMQTopic">
		<constructor-arg value="jms/StatusUpdate" />
	</bean>

	<bean id="panicAlarmTopic" class="org.apache.activemq.command.ActiveMQTopic">
		<constructor-arg value="jms/PanicAlarm" />
	</bean>
	<!-- for notification Topic -->
	<bean id="notificationTopic" class="org.apache.activemq.command.ActiveMQTopic">
		<constructor-arg value="jms/Notification"></constructor-arg>
	</bean>
	
	<!-- The Producer/Publisher of Notification Topic Message -->
	<!-- <bean id="topicNotificationMessageProducer" class="com.coordsafe.notification.producer.TopicMessageProducer">
		<property name="jmsTemplate" ref="jmsTemplateNotification"></property>
	</bean> -->
	<bean id="jmsTemplateNotification" class="org.springframework.jms.core.JmsTemplate">
		<property name="connectionFactory" ref="connectionFactory" />
		<property name="defaultDestination" ref="notificationTopic" />
	</bean>
	
	<bean id="jmsTemplate" class="org.springframework.jms.core.JmsTemplate">
		<property name="connectionFactory" ref="connectionFactory" />
		<property name="defaultDestination" ref="locationUpdateQueue" />
	</bean>

	<bean id="locatorService" class="com.coordsafe.locator.service.LocatorServiceImpl" />

	<bean id="locatorSender" class="com.coordsafe.locator.service.LocatorSender" />

	<bean id="locatorDao" class="com.coordsafe.locator.dao.LocatorDAOImpl" />
	<!-- <jms:listener-container connection-factory="connectionFactory"> <jms:listener 
		destination="jms/LocationUpdate" ref="locatorListener" method="locationReceived" 
		/> </jms:listener-container> -->

	<bean id="locationListener" class="com.coordsafe.locator.service.LocatorListener" />

	<!-- <bean id="statusListener" class="com.coordsafe.locator.service.StatusListener" /> -->

	<!-- <bean id="panicAlarmListener" class="com.coordsafe.locator.service.PanicAlarmListener" /> -->

	<!-- for notification listener-->
	<!-- <bean id="topicSMSMessageListener" class="com.coordsafe.notification.subscribe.SMSTopicSubscribe" />
	<bean id="topicEMAILMessageListener" class="com.coordsafe.notification.subscribe.EMAILTopicSubscribe" /> -->


	<!-- and this is the message listener container -->

	<bean id="jmsContainer1"
		class="org.springframework.jms.listener.DefaultMessageListenerContainer">

		<property name="connectionFactory" ref="connectionFactory" />

		<property name="destination" ref="locationUpdateQueue" />

		<property name="messageListener" ref="locationListener" />
	</bean>

	<!-- <bean id="jmsContainer2"
		class="org.springframework.jms.listener.DefaultMessageListenerContainer">

		<property name="connectionFactory" ref="connectionFactory" />

		<property name="destination" ref="statusTopic" />

		<property name="messageListener" ref="statusListener" />
	</bean> -->

	<!-- <bean id="jmsContainer3"
		class="org.springframework.jms.listener.DefaultMessageListenerContainer">

		<property name="connectionFactory" ref="connectionFactory" />

		<property name="destination" ref="panicAlarmTopic" />

		<property name="messageListener" ref="panicAlarmListener" />
	</bean> -->
	
	<!-- <bean id="SzJmsContainer"
		class="org.springframework.jms.listener.DefaultMessageListenerContainer">

		<property name="connectionFactory" ref="connectionFactory" />

		<property name="destination" ref="szLocationTopic" />

		<property name="messageListener" ref="SzLocationListener" />
	</bean> -->

	<!-- for notification container-->
	<bean
		class="org.springframework.jms.listener.DefaultMessageListenerContainer" id="jmsContainerN1">
		<property name="connectionFactory" ref="connectionFactory"></property>
		<property name="destination" ref="notificationTopic"></property>
		<property name="pubSubDomain" value="true"></property>
		<property name="messageListener" ref="topicSMSMessageListener"></property>
	</bean>

	<bean
		class="org.springframework.jms.listener.DefaultMessageListenerContainer" id="jmsContainerN2">
		<property name="connectionFactory" ref="connectionFactory"></property>
		<property name="destination" ref="notificationTopic"></property>
		<property name="pubSubDomain" value="true"></property>
		<property name="messageListener" ref="topicEMAILMessageListener"></property>
	</bean>
	
	<bean id="MqttListener" class="com.coordsafe.mqtt.listener.MqttListener">
        <constructor-arg name="brokerUrl" value="tcp://localhost:1883" />
        <constructor-arg name="cleanSession" value="false" />
        <constructor-arg name="subTopic" value="/CsMt/+/#" />
    </bean>
    
    <!-- <bean class="com.coordsafe.mqtt.handler.ChatMessageHandler" factory-method="getHandler"/> -->
	<bean class="com.coordsafe.mqtt.handler.LocationMessageHandler" factory-method="getHandler"/>
    
	<task:annotation-driven executor="myExecutor" scheduler="myScheduler"/>
	<task:executor id="myExecutor" pool-size="3"/>
	<task:scheduler id="myScheduler" pool-size="6"/>
</beans>