<?xml version="1.0" encoding="UTF-8"?>

<beans:beans xmlns:beans="http://www.springframework.org/schema/beans"
    xmlns="http://www.springframework.org/schema/security"
	xmlns:context="http://www.springframework.org/schema/context"
	xmlns:tx="http://www.springframework.org/schema/tx"
    xmlns:xsi="http://www.w3.org/2001/XMLSchema-instance"
    xsi:schemaLocation="http://www.springframework.org/schema/beans 
        http://www.springframework.org/schema/beans/spring-beans-3.1.xsd
		http://www.springframework.org/schema/context
		http://www.springframework.org/schema/context/spring-context-3.1.xsd
        http://www.springframework.org/schema/security 
        http://www.springframework.org/schema/security/spring-security-3.1.xsd
		http://www.springframework.org/schema/tx
		http://www.springframework.org/schema/tx/spring-tx-3.1.xsd">
	
	<http pattern="/resources/**" security="none" />
	<http pattern="/login" security="none" />

	<http auto-config="true" use-expressions="true">
		<form-login login-page="/login" 
					authentication-failure-url="/login?login_error=1"/>
		<intercept-url pattern="/**" access="isAuthenticated()" />
		<logout logout-success-url="/login" />
	</http> 
	
	<authentication-manager alias="authenticationManager">
		<authentication-provider user-service-ref="userDetailsService">
			<password-encoder ref="passwordEncoder">
				<salt-source ref="saltSource" />
			</password-encoder>
		</authentication-provider>
	</authentication-manager>
	
	<global-method-security secured-annotations="enabled" />

	<beans:bean id="passwordEncoder" class="org.springframework.security.authentication.encoding.ShaPasswordEncoder">
		<beans:constructor-arg value="${authentication.sha.strength}" />
	</beans:bean>

	<beans:bean id="saltSource" class="org.springframework.security.authentication.dao.ReflectionSaltSource">
		<beans:property name="userPropertyToUse" value="${authentication.saltSource.userPropertyToUse}" />
	</beans:bean>

</beans:beans>