<?xml version="1.0" encoding="UTF-8"?>
<beans xmlns:xsi="http://www.w3.org/2001/XMLSchema-instance"
    xmlns:jaxrs="http://cxf.apache.org/jaxrs"
    xmlns="http://www.springframework.org/schema/beans"
    xsi:schemaLocation="
		http://www.springframework.org/schema/beans
		http://www.springframework.org/schema/beans/spring-beans.xsd
		http://cxf.apache.org/jaxrs
		http://cxf.apache.org/schemas/jaxrs.xsd" >

    <!-- do not use import statements if CXFServlet init parameters link to this beans.xml -->

    <import resource="classpath:META-INF/cxf/cxf.xml" />
    <import resource="classpath:META-INF/cxf/cxf-servlet.xml" />
    

<!-- 
    <jaxrs:server id="locatorWs" address="/lc" >     
        <jaxrs:serviceBeans>
            <ref bean="locatorWsBean" />
        </jaxrs:serviceBeans>
        <jaxrs:providers> 
            <bean class="org.codehaus.jackson.jaxrs.JacksonJsonProvider"/> 
        </jaxrs:providers> 

    </jaxrs:server>

    <bean
        id="locatorWsBean"
        class="com.coordsafe.locator.ws.LocatorWebServiceRestImpl" />
         -->
</beans>