<?xml version="1.0" encoding="UTF-8"?>

<beans:beans xmlns="http://www.springframework.org/schema/mvc"
	xmlns:xsi="http://www.w3.org/2001/XMLSchema-instance" 
	xmlns:beans="http://www.springframework.org/schema/beans"
	xmlns:context="http://www.springframework.org/schema/context"
	xmlns:oxm="http://www.springframework.org/schema/oxm"
	xmlns:tx="http://www.springframework.org/schema/tx"
	xsi:schemaLocation="http://www.springframework.org/schema/mvc http://www.springframework.org/schema/mvc/spring-mvc-3.0.xsd
		http://www.springframework.org/schema/beans http://www.springframework.org/schema/beans/spring-beans-3.0.xsd
		http://www.springframework.org/schema/context http://www.springframework.org/schema/context/spring-context-3.0.xsd
		http://www.springframework.org/schema/tx http://www.springframework.org/schema/tx/spring-tx-3.0.xsd
		http://www.springframework.org/schema/oxm http://www.springframework.org/schema/oxm/spring-oxm-3.0.xsd">

	<!-- DispatcherServlet Context: defines this servlet's request-processing 
		infrastructure -->

	<!-- Handles HTTP GET requests for /resources/** by efficiently serving 
		up static resources in the ${webappRoot}/resources directory -->
	<resources mapping="/resources/**" location="/resources/" />
	 
	<!-- Resolves views selected for rendering by @Controllers to .jsp resources 
		in the /WEB-INF/views directory -->
<!-- 	<beans:bean -->
<!-- 		class="org.springframework.web.servlet.view.InternalResourceViewResolver"> -->
<!-- 		<beans:property name="prefix" value="/WEB-INF/views/" /> -->
<!-- 		<beans:property name="suffix" value=".jsp" /> -->
<!-- 	</beans:bean> -->

	<!-- Resolves views for Apache Tiles -->
	<beans:bean
		class="org.springframework.web.servlet.view.tiles2.TilesViewResolver" />

	<!-- Tiles definitions -->
	<beans:bean
		class="org.springframework.web.servlet.view.tiles2.TilesConfigurer">
		<beans:property name="definitions">
			<beans:list> 
				<beans:value>/WEB-INF/views/**/tiles.xml</beans:value>
			</beans:list>
		</beans:property>
	</beans:bean>
	
	<beans:bean class="org.springframework.web.servlet.view.ContentNegotiatingViewResolver">
		<beans:property name="mediaTypes">
			<beans:map>
				<beans:entry key="json" value="application/json" />
				<beans:entry key="xml" value="application/xml" />
				<beans:entry key="html" value="text/html" />
			</beans:map>
		</beans:property>
		<beans:property name="defaultContentType" value="text/html" />
	</beans:bean>
	
	<beans:bean id="marshaller" class="org.springframework.oxm.jaxb.Jaxb2Marshaller">
		<beans:property name="contextPaths" >
			<beans:list>
				<beans:value>com.coordsafe.core.rbac.entity</beans:value>
				<beans:value>com.coordsafe.core.codetable.entity</beans:value>
				<beans:value>com.coordsafe.ward.entity</beans:value>
			
			</beans:list>
		</beans:property>
	</beans:bean>

</beans:beans>